trdmn,mkt_rf,smb,hml,umd,rf,smb_equal,hml_equal,umd_equal,rmw,cma,rmw_equal,cma_equal
199402,-0.005733448,-0.00979825,-0.030990519,-0.026590251,0.008719,-0.027549453,-0.046225405,-0.036616959,0.0096924566,0.0048795538,0.0427227805,0.0053676741
199403,-0.140417362,0.1011218906,0.0445735689,0.1881391873,0.008719,0.1009953872,0.0621829457,0.1367931461,-0.15574424,-0.070236096,-0.104735895,-0.03121357
199404,-0.168803863,0.0528664209,0.0374895121,0.0083276498,0.008719,0.0494970947,0.0323197487,-0.022157113,0.0116578088,-0.009700877,-0.005095,0.0162540851
199405,-0.050044268,0.0033944821,-0.007816317,-0.016820707,0.008719,0.0221255641,0.0146680578,0.0333559842,0.0545802258,-0.036817085,0.0234531577,-0.028613077
199406,-0.1576434,-0.013240454,0.0164682341,0.0263821754,0.008719,-0.009669261,0.0219911751,0.0442008029,0.0261935851,0.0188870606,0.0149113073,0.0202822004
199407,-0.245339974,-0.118368638,0.1057715457,-0.1164324,0.008719,-0.109548621,0.0955717946,-0.05829226,0.0858730237,-0.064570423,0.0758162661,-0.079092921
199408,1.126362308,0.3742695952,-0.404816759,0.4866916154,0.008719,0.3186502248,-0.299477275,0.2762475927,-0.338384926,0.5241013468,-0.395808743,0.6088785368
199409,0.0507596402,0.1734066461,0.1473678465,-0.006934712,0.008719,0.1572463032,0.1240171083,-0.068124552,0.0074901222,0.0342198546,-0.008037205,0.0796297699
199410,-0.209376151,0.0388917038,-0.002298847,0.0098859044,0.008719,0.0282517408,0.0039894648,0.0209442408,-0.014199637,0.0336856517,-0.018063147,0.0276380345
199411,0.0285504837,0.0192041273,-0.032660917,0.0926601325,0.008719,0.0231455647,-0.030053208,0.0893216715,-0.023717651,0.0216823422,-0.027545777,0.0269549824
199412,-0.065554535,0.0105483957,-0.00326143,-0.009143983,0.008719,0.0113296163,-0.011792083,0.0022633207,-0.009972573,0.0014175419,-0.009918481,0.0143751205
199501,-0.131828842,-0.034582942,0.0155784438,-0.055745451,0.008719,-0.027373629,0.0148399843,-0.050222057,0.0357976008,-0.046825744,0.0256890017,-0.054137066
199502,-0.025635046,-0.000629284,0.0280252552,-0.034131923,0.008719,-0.003357482,0.0266822524,-0.029873485,0.0099340365,0.0184775742,0.0098060846,0.0015631575
199503,0.1218537372,0.0340731054,-0.058546876,0.1138973589,0.008719,0.0351454792,-0.045478008,0.0914395247,-0.029490442,0.0432332853,-0.025905456,0.0581985129
199504,-0.117091474,0.0145023299,0.0086709862,-0.005170196,0.008719,0.0198948921,0.0056832622,0.0063302933,-0.007906047,-0.009751469,-0.00887713,-0.014123317
199505,0.1512702597,0.0907392852,-0.11196654,0.1577417533,0.008719,0.0900420287,-0.089902761,0.1290466736,-0.070631934,0.10232602,-0.060210442,0.0984614842
199506,-0.090082862,-0.026686026,0.0289609262,-0.060316699,0.008719,-0.029395194,0.0101718181,-0.056041874,0.017053778,-0.009398571,0.0145575327,-0.010022238
199507,0.0596539117,-0.005305571,0.0364829426,-0.025338225,0.008719,-0.010380819,0.0331813644,-0.021276471,0.074198778,0.032370575,0.0666529646,0.0083649006
199508,0.0486764081,-0.036938979,0.1377206481,-0.101164629,0.008719,-0.036950525,0.1292027189,-0.101263883,0.0132216431,0.0323542258,0.0028945029,-0.005898435
199509,-0.010066321,-0.012009478,0.0779728918,0.051042513,0.008719,-0.014998943,0.0755620159,0.0190133714,0.0297754558,0.0524582619,-0.00212674,0.0187267926
199510,0.0058000181,0.0050886468,0.0562474393,0.0421456743,0.008719,0.0008722428,0.0429987881,0.0277644292,0.027609804,0.0392839432,0.0149172715,0.0125138896
199511,-0.087035426,0.0096345921,-0.081959597,-0.090105366,0.008719,0.0163991339,-0.061808318,-0.079363369,-0.046621061,-0.030134657,-0.023393335,0.0014126587
199512,-0.119050503,-0.009106588,0.0141735991,-0.015879965,0.008719,-0.007294,0.0197114958,-0.006628851,-0.030284532,-0.006840184,-0.035256256,0.0013364359
199601,-0.044621569,0.003543677,0.0841393709,0.0637763089,0.008719,0.0010176659,0.0725756705,0.050669658,0.0297079117,0.0353234043,0.0113178487,0.0069321652
199602,0.0208925224,-0.012137724,-0.029700349,-0.019326434,0.008719,-0.010119992,-0.034883112,-0.020719719,0.0129173633,-0.010123057,0.0191432015,-0.008320568
199603,-0.006803541,0.0030497352,0.0027564754,0.0295736607,0.008719,0.001922433,-0.003666857,0.0181880663,0.0255563637,0.0104864072,0.0125901437,0.0014245893
199604,0.3056085713,0.0356663593,0.0678834568,-0.066153312,0.008719,0.023315016,0.0801651239,-0.02444024,-0.161650401,0.0032921131,-0.15081731,0.0429302827
199605,-0.040935333,-0.09128146,0.0557031693,0.0698449396,0.007346,-0.072709374,0.045070271,0.0454354414,0.0105271497,0.0361779457,-0.017009842,-0.00238258
199606,0.2086000046,-0.126517865,0.073689645,0.1106875921,0.007346,-0.092072,0.0641324518,0.113193429,0.1362945708,0.1187395682,-0.013176516,0.0682425038
199607,0.1842708192,0.0362873645,0.2542074642,0.1581433845,0.007346,-0.002478326,0.3016709409,0.1980859141,-0.019863377,0.0115681801,-0.006303088,0.0401018751
199608,0.0030084989,-0.075924043,0.0287148589,0.0662062143,0.006022,-0.055217345,0.0345422809,0.0412354097,0.0332070789,-0.033903496,0.0671179054,-0.044671776
199609,0.0447543569,0.0006624084,0.0223442364,0.0038591571,0.006022,0.0071074385,0.0462364711,0.0137039317,-0.097250524,0.0126690888,-0.039416621,-0.015192441
199610,0.2747645533,0.142345569,0.3271774628,0.0211106447,0.006022,0.1103574877,0.3425571971,0.0842087198,-0.226292749,0.1638373589,-0.231600745,0.2001981642
199611,0.0863466013,0.0429573589,0.072552833,0.0268450611,0.006022,0.0331246538,0.0721938539,0.0582215245,0.0021760368,0.0079336649,-0.01034311,0.0241376959
199612,-0.212681795,-0.085783511,-0.113539003,-0.080229114,0.006022,-0.065494843,-0.115551402,-0.1178673,0.1392899548,-0.063749964,0.1165204824,-0.070090155
199701,0.0936382656,0.0382469358,0.0582406943,0.0536973802,0.006022,0.0265644748,0.0550412382,0.0571008915,-0.038735823,0.0056513053,-0.026369888,0.0109471435
199702,0.067342704,0.0334619104,-0.031456414,-0.09928252,0.006022,0.0291478458,-0.036391388,-0.107208849,-0.042968626,0.016140267,-0.068919584,0.0396490181
199703,0.1917561054,0.0240606482,-0.037928596,0.0026266987,0.006022,0.035705996,-0.054750833,-0.025021003,0.0575187833,-0.094089343,0.0132873928,-0.074100731
199704,0.110803336,-0.079280859,-0.045854307,0.0423124985,0.006022,-0.041657988,-0.054651096,0.014254056,0.1147774245,-0.151464359,0.0606847437,-0.111127223
199705,-0.086131224,-0.049294883,0.0383428546,0.0577648319,0.006022,-0.022313891,0.0340179432,0.0319555801,0.0944836206,-0.045349786,0.0449648539,-0.011157854
199706,0.0088604802,-0.023474548,0.0097757733,0.1113090706,0.006022,-0.003440769,0.0057616026,0.0845062233,0.0555166307,-0.075720861,0.0269905511,-0.031960129
199707,-0.089252549,0.0494519112,0.0374560721,-0.081689424,0.006022,0.0383026609,0.0228357635,-0.072735616,-0.032424004,-0.002304067,-0.028429465,0.0186921422
199708,-0.002554936,0.019627271,0.1007923654,-0.142124539,0.006022,0.0059772709,0.0864647401,-0.112681324,-0.1055561,0.0735812001,-0.080908777,0.0455516819
199709,-0.133943243,0.0368453422,-0.031352418,-0.016723171,0.006022,0.0543657529,-0.026483015,-0.039888786,0.0155923358,-0.00520216,-0.020527737,0.0448396796
199710,0.1203442913,-0.044937582,-0.039035017,0.0255469386,0.004606,-0.036469227,-0.038197764,0.001693341,0.0352289025,-0.002125443,0.0264761066,-0.023197839
199711,-0.054623749,0.0331376258,-0.020126349,0.0287690601,0.004606,0.0395855326,-0.010859119,0.0277589874,0.0213344758,-0.011683101,0.0053034905,0.0104656628
199712,0.0423981463,0.0422196831,-0.048750629,0.0619643049,0.004606,0.0454423534,-0.049265748,0.0294936749,0.047480708,-0.066518227,0.0255522502,-0.011047428
199801,0.0257201146,0.0331669765,-0.002646086,0.0196613302,0.004606,0.0241229877,-0.005637028,0.0119641573,0.0080394665,-0.003508435,-0.001159471,0.0107819325
199802,-0.020782519,0.0238973998,0.0443830392,-0.076734829,0.004606,0.0184578423,0.044978814,-0.047492885,-0.079609089,0.0382362831,-0.061272082,0.0175733049
199803,0.0262446759,0.0490677925,0.0096517546,0.0095065748,0.004249,0.0573042059,0.0166244015,0.0253593175,-0.032576502,0.0582226105,-0.053196314,0.0805342087
199804,0.0850515375,0.0624388472,-0.002843374,0.0031953323,0.004249,0.044657589,0.0106735471,0.0202159963,-0.005767427,0.0162087133,0.013366785,0.0160387596
199805,0.0632190297,0.0731779158,0.0363588782,-0.027410073,0.004249,0.0483869931,0.0373268216,-0.038600015,-0.085004902,0.0486511745,-0.071000613,0.0395937236
199806,-0.078245298,0.0106988696,-0.029595524,0.0516402528,0.004249,0.0027040162,-0.034406876,0.0329225503,0.0127645812,0.0043739916,0.0504899571,-0.011536728
199807,-0.01294068,0.0305174571,0.0221853961,0.0098655225,0.003891,0.0335438003,0.0134364567,0.0123473871,-0.019118299,0.0258768986,-0.033241413,0.0488145954
199808,-0.12962574,0.0267399978,-0.008487404,0.0777007111,0.003891,0.0269650307,-0.000325395,0.0736531822,-0.030909847,0.0150289173,-0.032033954,0.0328582339
199809,0.0728366451,0.0880143672,0.0057437495,-0.005210828,0.003891,0.0842537015,-0.00898617,-0.021911369,-0.054584435,0.0436292074,-0.037458091,0.0252065789
199810,-0.014168281,0.0472121025,-0.04512125,0.0343177287,0.003891,0.0426383937,-0.046063185,0.0189049105,-0.00711954,-0.005544161,-0.003007143,-0.014132071
199811,0.0124967527,-0.017620339,-0.026495592,-0.031749191,0.003891,-0.017963214,-0.015628857,-0.028755107,0.0342273328,-0.022684427,0.0236329502,-0.012745754
199812,-0.090813317,-0.027001964,-0.004753416,-0.033285118,0.003097,-0.026103291,0.0001614612,-0.04010935,0.0299572868,-0.015985185,0.0289825308,-0.020838897
199901,-0.007500713,0.01493358,0.0077615004,0.0124514819,0.003097,0.0106202697,0.008258778,0.0213769089,-0.01335711,-0.012439156,-0.011972223,-0.004729268
199902,-0.044761525,0.0094676506,-0.002702581,0.0207479847,0.003097,0.013673734,0.0001763106,0.0228960054,0.0076620309,0.0005819883,0.0065132376,0.0038072481
199903,0.0648053838,0.067325296,0.0593755799,-0.010724352,0.003097,0.0658046544,0.0522773597,-0.026191716,-0.091756304,0.0702815797,-0.094460856,0.0748234739
199904,-0.040707831,-0.007288607,0.0303737932,-0.004299354,0.003097,-0.012243068,0.0295180066,-0.005837926,-0.007140463,-0.000475103,-0.005780992,-0.010386589
199905,0.1031355445,-0.023705048,-0.061986244,0.0248057464,0.003097,-0.014674698,-0.048446557,0.0423719543,0.0206389383,-0.03883157,0.0124157644,-0.055394304
199906,0.3627292113,-0.096532573,-0.007712719,0.0507982662,0.001856,-0.075538131,0.0026321474,0.0265655773,0.0134509104,0.0252899239,0.0291187358,0.0300420259
199907,-0.068912034,0.0313360644,0.0021887353,-0.006535932,0.001856,0.0329571498,-0.000872922,-0.022419704,-0.010880247,0.0304265317,-0.023508624,0.0392309451
199908,0.006499223,0.0716475502,0.0421125438,-0.05323931,0.001856,0.0620290889,0.037570169,-0.041733695,-0.059977676,0.0676770777,-0.057879922,0.0582366281
199909,-0.031113805,0.0052926739,-0.015493928,-0.020392605,0.001856,0.0062546467,-0.01618417,-0.02709106,0.0025946736,-0.011613772,0.0039574686,-0.011281711
199910,-0.052886962,0.0271707395,-0.005727154,-0.0224468,0.001856,0.0235240721,-0.007368374,-0.016848919,-0.014483217,0.0063059136,-0.009488077,0.0074520517
199911,-0.044541732,0.033371138,0.0043138337,-0.024825699,0.001856,0.0317886324,0.0031180052,-0.025987673,-0.021876094,0.0123575458,-0.023065407,0.0096774935
199912,-0.048543674,-0.017469353,-0.050474704,0.0359488775,0.001856,-0.012286987,-0.039251233,0.0347736414,0.0379459341,-0.031364328,0.0344962502,-0.016113726
200001,0.170362874,-0.03341066,-0.087563337,0.2129672138,0.001856,-0.035366569,-0.067505069,0.1822452618,0.0197058997,-0.034713648,0.0361501343,-0.040682664
200002,0.1262946603,0.0301501033,-0.00041817,0.0222555556,0.001856,0.0303360456,-0.0032475,0.0110385414,-0.017309538,0.0411642315,-0.029535269,0.0182555407
200003,0.0521725074,0.0861944087,0.03761925,-0.113611081,0.001856,0.0839493831,0.0236858316,-0.128430055,-0.073698703,0.0511091501,-0.077955356,0.0912553289
200004,0.0108438874,-0.006829104,-0.000645082,-0.044750498,0.001856,-0.002416879,0.0076518593,-0.040083249,-0.008343064,-0.010504067,0.0027276348,-0.006585163
200005,0.0254020036,0.0178782771,0.0258265983,-0.008286892,0.001856,0.0155214704,0.0248906809,0.0007178152,-0.020856063,0.0036956044,-0.015893562,-0.00562273
200006,0.0221409577,-0.021282413,0.0254404719,-0.062484936,0.001856,-0.028597151,0.0161830987,-0.055360831,0.0179040538,0.0030799989,0.0292179262,-0.011694724
200007,0.0433162248,0.0357694578,0.0263619971,-0.013161342,0.001856,0.0360077034,0.0290487251,-0.035703285,-0.019981798,0.0465815629,-0.038531725,0.0571318773
200008,-0.006947659,0.0476042598,-0.004633101,0.0035733701,0.001856,0.0451673757,-0.007708545,-0.011431148,-0.036540382,0.0145644155,-0.052779892,0.0367858144
200009,-0.049616604,0.026235123,-0.037813045,0.0414979104,0.001856,0.0254033427,-0.038047711,0.0411861589,-0.014278387,0.0146665795,-0.022108464,0.026826563
200010,0.0200083248,0.0355753716,0.0323988605,-0.025399159,0.001856,0.0341077452,0.0297537756,-0.029587689,-0.020490099,0.0207558219,-0.017826451,0.0195000618
200011,0.0544505176,0.0082765391,0.009167382,-0.021408597,0.001856,0.0088865037,0.0142254578,-0.025305479,0.0076913596,0.0063159276,0.0055835586,0.0061504537
200012,-0.00547003,0.0068798323,0.007345375,-0.011673761,0.001856,0.0076210011,0.0044915666,-0.023547019,0.0183619051,-0.007473686,0.0207712001,-0.010415936
200101,-0.011372325,-0.006089436,0.041194383,-0.000564049,0.001856,-0.011565739,0.038192693,-0.008684663,0.005139801,0.0028639367,0.0082958386,-0.004010557
200102,-0.061454889,-0.014036415,0.0322932242,0.0256219811,0.001856,-0.016120262,0.0335881247,0.0243243128,0.027719238,-0.007469713,0.0351271869,-0.016730753
200103,0.0735459118,0.0340059709,0.0098473139,-0.010059865,0.001856,0.0327389601,0.0071774677,0.0004369962,-0.021273051,0.002187976,-0.023610291,0.0111551346
200104,-0.008835657,0.0303915892,-0.034351861,0.0020438766,0.001856,0.0305801313,-0.031626437,0.0019567714,-0.023722792,0.0172049909,-0.03363202,0.0230037034
200105,0.0307242816,0.0641373918,-0.004393979,0.0246791471,0.001856,0.0626913898,-0.005395116,0.0232540065,-0.036777401,0.0230971225,-0.044068029,0.0292020355
200106,-0.002168058,0.0083918014,0.020561934,-0.014108797,0.001856,0.0015654945,0.0120361715,-0.019845363,-0.004975497,0.0108985497,0.0036049084,0.0023858201
200107,-0.133306911,-0.003183685,-0.008800424,0.030438598,0.001856,-0.001819613,-0.00689416,0.0158362579,0.0053813265,0.002542149,-0.002413351,0.0058809039
200108,-0.036158841,0.0158418355,-0.00274247,0.0250959594,0.001856,0.019565005,-0.006651206,0.0167381584,0.003755397,0.0040531201,-0.006478867,0.0133458899
200109,-0.057503179,-0.024708766,0.0210092906,-0.027664129,0.001856,-0.029693634,0.0079355782,-0.034656453,0.0107856502,-0.007374523,0.0268888577,-0.028153825
200110,-0.051907186,-0.008843763,0.0280754742,-0.012145445,0.001856,-0.00231569,0.027786051,-0.008145689,-0.013834816,0.0188900006,-0.010513759,0.0155304095
200111,0.0382426648,0.0256302965,0.0072761887,-0.052119347,0.001856,0.0191065056,0.0068616529,-0.054158494,-0.014494227,0.0083635222,-0.014103188,0.0095917141
200112,-0.064428451,-0.020278538,0.0141006181,0.0227542921,0.001856,-0.014615631,0.0137585146,0.0106261224,0.0575287799,-0.033098395,0.0495532553,-0.038129995
200201,-0.109302284,-0.034324203,-0.000325934,0.0455513481,0.001856,-0.026277099,0.0043295532,0.0521641549,0.0459921028,-0.032308919,0.047833061,-0.03319041
200202,0.0273642323,0.0140592118,0.0025737172,-0.051227233,0.001635,0.0085290233,-0.009532195,-0.059525776,-0.021414954,0.0149664759,-0.027458821,0.0241953112
200203,0.0653863987,0.0259643665,-0.002572513,-0.045959805,0.001635,0.0204588931,-0.003040404,-0.048529752,-0.025936901,0.0199332091,-0.020971654,0.0155436517
200204,0.0393307574,0.0337415598,0.0295607567,-0.021658664,0.001635,0.0323704113,0.0272449732,-0.020421299,-0.029138352,0.031792808,-0.029097483,0.0267072758
200205,-0.085001818,0.0008652406,-0.013841976,0.0037021223,0.001635,0.0029328532,-0.010007097,0.000947267,-0.012548416,0.0049932762,-0.014214734,0.008680178
200206,0.1244827775,-0.034022027,0.0500251385,-0.018760095,0.001635,-0.031096135,0.0472786202,-0.022250528,0.0103294309,0.0159524933,0.0155024658,-0.00058063
200207,-0.042629433,0.0109317913,-0.00859298,-0.002138055,0.001635,0.0091247858,-0.007417599,-0.001178684,0.0047160135,-0.011606981,0.0025815343,-0.008658172
200208,0.0037973493,0.0069296363,-0.001441883,0.0004631783,0.001635,0.0088376728,-0.002918596,-0.003627217,0.0097114023,1.7038826E-6,0.0110581342,-0.003328548
200209,-0.057087772,-0.006807488,-0.007135529,0.0258284885,0.001635,-0.003030916,-0.005076409,0.0253596538,0.0224090526,-0.019098472,0.0196454213,-0.015540577
200210,-0.051335801,-0.013650158,-0.002369261,0.0092677347,0.001635,-0.01168955,-0.001909973,0.0082748998,0.0042914526,-0.00483634,0.0043015761,0.000190746
200211,-0.065027445,-0.030180295,-0.001738882,0.0286316462,0.001635,-0.020941908,0.0031019212,0.033273715,0.0288426667,-0.029552008,0.0270804583,-0.016865139
200212,-0.048839635,0.0029240463,-0.017561896,0.0170932759,0.001635,0.0073796514,-0.018040184,0.0053705323,0.0240887917,-0.011522745,0.0108671531,0.0023776671
200301,0.0894348267,0.0190156823,0.0217108156,-0.049018916,0.001635,0.0163492055,0.0117116211,-0.055815408,-0.034324239,0.0268572944,-0.027144239,0.0213657651
200302,0.0100755796,0.0089966584,0.0013499358,-0.000891087,0.001635,0.0074925266,0.0017521221,-0.002408846,-0.003064765,0.0041228054,-0.00241426,0.0000372862
200303,-0.01780629,-0.016393764,0.0179300217,0.0434001332,0.001635,-0.011236859,0.018137494,0.0362334052,0.025847329,-0.015140686,0.0188966662,-0.009176536
200304,-0.018864144,-0.037772364,0.0469768336,0.0841033404,0.001635,-0.035210297,0.0429939493,0.0789388984,0.0541861447,-0.036451646,0.0649193416,-0.032221232
200305,0.0456896062,-0.01296294,0.0050280631,-0.009985885,0.001635,-0.01138893,0.0070450206,-0.008808468,-0.007797623,0.0041858235,-0.006697553,-0.00165186
200306,-0.067247673,-0.003739009,-0.002951338,0.0116311692,0.001635,0.0026331342,-0.005187594,-0.000254993,0.0085616718,-0.008222468,0.0017824667,0.0003449798
200307,-0.011990128,-0.042718141,0.0012705647,0.0467990505,0.001635,-0.030994292,0.0031686172,0.0412047979,0.0351960238,-0.022711315,0.0251319187,-0.014916596
200308,-0.0325589,0.0111279113,-0.013532025,-0.034597728,0.001635,0.0134324234,-0.013251383,-0.036019609,-0.013896146,0.0005475635,-0.008276523,0.0035349886
200309,-0.043935752,-0.00760454,0.0065759943,0.0065705236,0.001635,-0.006359823,0.0112269291,0.0072097774,0.0021515357,-0.003572415,-0.000746511,-0.002953212
200310,-0.040743265,-0.053397419,0.0382376537,0.0833924984,0.001635,-0.042684902,0.0419838761,0.082311863,0.0783464828,-0.044112137,0.0651310353,-0.035374366
200311,0.0222800084,-0.009765915,0.0373531854,-0.022123689,0.001635,-0.015306544,0.0278767389,-0.023510591,0.0127791026,0.0064613167,0.0207104983,-0.013043284
200312,0.0210349624,-0.055053317,0.0455070954,0.1054751181,0.001635,-0.041256337,0.0382857237,0.1053542088,0.0795722051,-0.046440263,0.0633883103,-0.039819061
200401,0.073668487,0.0197520159,0.0051157207,-0.072073701,0.001635,0.0110647033,-0.008621571,-0.071381128,-0.025277163,0.0164639648,-0.017842791,-0.000465756
200402,0.0732101406,0.0302933339,-0.000118839,-0.072400581,0.001635,0.0200082529,-0.010476789,-0.068724752,-0.046760608,0.0262875812,-0.028565053,0.0236821656
200403,0.0348946724,0.0183499672,0.0160393474,-0.009576651,0.001635,0.0161249656,0.0175827122,-0.015088467,0.0034109903,-0.012465248,-0.00389382,-0.010118397
200404,-0.103841058,0.0161505345,0.0335648577,0.0578601829,0.001635,0.0043514853,0.0253089284,0.0275089053,0.0201259144,0.0079842137,0.0285157113,-0.014576942
200405,-0.024177378,0.0198742795,0.0117734666,0.0105541222,0.001635,0.0185934145,0.0054389439,-0.006155798,-0.010319918,-0.005270416,-0.014030752,-0.001022414
200406,-0.11781212,-0.018215398,0.003232322,0.0249877859,0.001635,-0.008494237,0.0079078374,0.0145746412,0.046115878,-0.017466145,0.0383086104,-0.018196274
200407,-0.002368139,-0.047252008,0.0072771622,0.0395702348,0.001635,-0.048711739,0.0079852453,0.0521487073,0.0361057998,-0.018719509,0.0445261896,-0.008333624
200408,-0.046081492,-0.00069957,0.0232327347,0.0118538625,0.001635,0.0084256014,0.0235477167,-0.006843167,0.0220145738,-0.005348009,0.0088384186,-0.005604728
200409,0.0554700093,-0.021607261,-0.001861831,0.0282005018,0.001635,-0.019844558,-0.002689533,0.0246072332,0.0399746094,-0.042232689,0.0328377067,-0.027779144
200410,-0.055285995,-0.035751565,-0.006068184,0.0701727026,0.001856,-0.03636181,-0.000406289,0.075269727,0.0422749818,-0.027231347,0.0509217529,-0.038442808
200411,0.0224490019,0.0408475687,-0.003169636,-0.076970194,0.001856,0.0345977764,-0.008820545,-0.080682088,-0.051170427,0.0116678517,-0.053090651,0.0164348881
200412,-0.070649653,-0.021369973,0.0047914163,0.0532919083,0.001856,-0.008975856,0.0018355105,0.0400006241,0.0389792939,-0.027507977,0.0238877622,-0.019895974
200501,-0.059441081,-0.011125123,-0.003726174,0.0084430562,0.001856,0.0047047686,-0.008144525,-0.004183801,0.0273805845,-0.013009866,0.0046196336,0.004033128
200502,0.0933924644,0.0127534711,0.0090821491,-0.038231484,0.001856,-0.000164035,0.001088931,-0.02342206,-0.014275869,-0.0126543,-0.003886498,-0.006398272
200503,-0.107158416,-0.025123379,0.0011052898,0.0853218344,0.001856,-0.009249288,-0.000694027,0.0507881566,0.0565471709,-0.030502335,0.0371872852,-0.017991021
200504,-0.038247142,-0.049412492,0.0260977019,0.0856961391,0.001856,-0.040696613,0.0151012357,0.0995770744,0.0763535092,-0.021764929,0.0592964886,-0.011180801
200505,-0.071624266,0.0392941845,-0.01408165,-0.112093678,0.001856,0.0274580884,-0.001811616,-0.093554068,-0.067923664,0.0372511922,-0.048699811,0.0214234261
200506,0.0075579253,-0.017135799,0.0002412181,0.0452856003,0.001856,-0.001383004,0.008099467,0.0311677748,0.0386074042,-0.000028072,0.0212503313,-0.01821133
200507,-0.021646262,-0.083741227,-0.001992934,0.1006618867,0.001856,-0.051807897,-0.006738038,0.0783940881,0.0852281513,-0.04821639,0.0536292481,-0.038373565
200508,0.0882562707,0.111117962,-0.01303992,-0.153224248,0.001856,0.0829156033,-0.012381801,-0.140376371,-0.108049169,0.0500420504,-0.076172189,0.0599136182
200509,0.0050552113,0.0223926037,-0.017468322,-0.007208358,0.001856,0.0098545138,-0.031516797,0.0123028994,0.0055182963,-0.011279694,0.0065315605,-0.007735381
200510,-0.055490089,-0.01576034,-0.010681784,0.0420181791,0.001856,-0.014005675,-0.008719914,0.0356012892,0.0194483268,-0.016556986,0.0222065447,-0.019265044
200511,-0.005967713,0.0358941513,0.0134862046,-0.049206108,0.001856,0.0337570775,0.012133145,-0.050056402,-0.029447597,0.0110302955,-0.025794053,0.0120431796
200512,0.0503335108,-0.055845229,0.014249437,0.0372163039,0.001856,-0.048065774,0.0073764328,0.0335101482,0.0415701386,-0.040634145,0.0434848498,-0.034687153
200601,0.0940595847,-0.0243118,0.0178908319,0.0154633656,0.001856,-0.046886327,0.0140087699,0.0290599257,0.0037868059,-0.032303802,0.028365111,-0.038618691
200602,0.0277670259,0.0012171182,0.0155287411,-0.0277723,0.001856,0.0178635235,0.0233841409,-0.061932677,0.004905377,-0.007315155,-0.021574905,0.0211669106
200603,0.0188829988,-0.020187539,-0.00388034,0.0912237112,0.001856,-0.027383045,-0.002227045,0.0786098627,0.0306132451,-0.036058363,0.0541595446,-0.031087622
200604,0.1115974128,-0.047617275,-0.001760774,0.0895202368,0.001856,-0.063776155,0.0260079777,0.1185254694,0.004622147,-0.011066904,0.0493244589,-0.053114444
200605,0.2097504722,0.0815078571,0.0269359665,-0.090705414,0.001856,0.0635098947,0.0186990087,-0.122071267,-0.109722357,0.0511700672,-0.085589833,0.0582604406
200606,0.0431995801,0.0317616534,0.011504104,-0.033875357,0.001856,0.0210965266,0.0259961823,-0.045164773,-0.022352171,0.0444926849,-0.020784363,0.0412691196
200607,-0.056830078,0.0581279119,-0.002919451,-0.005287413,0.001856,0.0519931782,0.0020244696,-0.019599649,-0.031236023,0.0249424896,-0.033717657,0.0406405721
200608,0.0301472678,-0.007378182,-0.006413585,0.0174095056,0.002076,-0.011822103,-0.008335311,0.0197749481,-0.000655349,-0.007985091,0.0004169002,-0.001011563
200609,0.0397635113,0.0252912197,-0.019467385,-0.006896949,0.002076,0.0252777308,-0.026399119,-0.020222258,-0.02243544,0.014628167,-0.036050064,0.0218705082
200610,0.0125989454,-0.019977484,0.0129205115,-0.022386601,0.002076,-0.007614943,0.0140091184,-0.00429958,0.0465544896,-0.016397836,0.0314154012,-0.019172512
200611,0.1083885873,-0.116265669,-0.010197309,0.0542113422,0.002076,-0.070670771,-0.00581884,0.0626430842,0.1170879253,-0.080120959,0.0761401218,-0.044050865
200612,0.1152845356,-0.094675107,0.0108950506,0.0771734148,0.002076,-0.049289208,0.0022707548,0.0660194781,0.0838690793,-0.029946315,0.0528656928,-0.022369193
200701,0.2078347378,0.0576085668,-0.002530154,-0.063349234,0.002076,0.0160980107,0.0043523693,-0.029718652,-0.072868822,0.0290775089,-0.028806286,0.0381388312
200702,0.1271769678,0.0965436498,0.0775305677,-0.10443317,0.002076,0.0617329554,0.0732721336,-0.09088276,-0.127440939,0.1045536134,-0.105968552,0.0585470723
200703,0.1242808001,0.1086852741,0.0301735217,-0.056306451,0.002296,0.0984422345,0.0177944359,-0.06654249,-0.080182665,0.0337438169,-0.083688588,0.0694577231
200704,0.3152750492,0.0523070077,0.1011198561,0.1025061489,0.002296,0.0326349186,0.120551891,0.0512424474,-0.114691981,0.0454554437,-0.083210659,0.0509618937
200705,0.1096969017,-0.029421254,-0.000713137,0.0056781862,0.002515,0.0073393248,-0.020477794,-0.00317377,0.0330115401,-0.037220128,-0.008794321,0.0190915446
200706,-0.109027754,-0.112613611,-0.076029196,-0.006454284,0.002515,-0.077066564,-0.060877995,0.0121796865,0.1793372564,-0.070659186,0.1474567622,-0.073309094
200707,0.1979019947,0.0808560953,0.0373494023,-0.022269906,0.002734,0.0758929409,0.0476167677,-0.081258696,-0.047078943,0.0216149709,-0.044232722,0.0174092439
200708,0.1357233232,-0.02384085,0.0087351066,0.0074633725,0.002952,-0.000777415,0.0046788121,-0.033973354,0.0225430113,-0.012233032,-0.010470998,0.0146868102
200709,0.0500789748,-0.011810581,0.0424992681,0.0287168135,0.003169,-0.003781655,0.0187569617,0.0167176969,0.0450857919,-0.008743658,0.0265307662,-0.00985526
200710,-0.05288482,-0.070804133,-0.061431588,0.0780207838,0.003169,-0.02863602,-0.027530426,0.0417572904,0.1225015359,-0.088574418,0.07079068,-0.039831268
200711,-0.142210281,0.0981200617,0.0359590464,-0.128893269,0.003169,0.0769475611,0.0045326561,-0.126284165,-0.098577123,0.0746919864,-0.078896569,0.044631283
200712,0.1812264561,0.0236257596,0.0063871368,-0.024781847,0.003386,-0.000548854,-0.011129282,-0.00150944,-0.03520177,0.0362614529,-0.004374434,0.0099127406
200801,-0.093652304,0.038260902,0.0032324393,-0.022530087,0.003386,0.0115953581,-7.059594E-6,-0.037369908,-0.026229934,0.0180329878,-0.01114089,0.0041604747
200802,0.0451149955,0.0779691871,0.0445461898,-0.039158839,0.003386,0.0559230082,0.0453396948,-0.02217393,-0.045526733,0.0478722061,-0.043204904,0.0226275216
200803,-0.200782249,0.0210251906,-0.015730529,-0.01616481,0.003386,0.0293506078,0.0032524487,-0.0348268,-0.000109626,-0.016289373,-0.010846379,0.0117991215
200804,-0.02236899,-0.065463351,0.0060797385,0.0308031655,0.003386,-0.051805913,-0.002258743,0.0492334501,0.0510043293,-0.029963639,0.0496628465,-0.024997548
200805,-0.058909795,0.0388628275,0.0201268057,-0.017635891,0.003386,0.0300972344,0.0096184689,-0.034416509,-0.012865156,0.0129662327,-0.02639161,0.0131790265
200806,-0.241360243,-0.015407199,-0.037614112,0.0175058149,0.003386,-0.005702442,-0.023000368,0.0089987207,0.0157319289,-0.024085642,0.0143318275,-0.009821594
200807,0.0445270415,0.081672915,0.0059618632,-0.041937738,0.003386,0.0565939209,0.0127112968,-0.040940424,-0.040004457,0.0423874857,-0.031233319,0.0249495942
200808,-0.218656255,-0.013545579,0.0172846297,-0.025151401,0.003386,0.005250987,0.0292090162,-0.025336918,0.0190656986,-0.020659367,-0.007783936,0.0081665115
200809,-0.04249161,-0.071234985,0.0468800604,-0.035291825,0.003386,-0.041907581,0.0247671467,-0.032496817,0.0206128029,-0.016799817,0.0184862881,-0.024612005
200810,-0.274331802,0.022323224,0.013091874,0.0210702387,0.002952,0.0223581203,0.0152346098,0.0074485097,-0.014357089,0.0516841197,-0.01601253,0.0408101935
200811,0.1652415005,0.0445677741,0.0002924231,-0.038410102,0.002076,0.0313436202,-0.001483342,-0.066469216,-0.020089,-0.024083235,-0.022719394,-0.009764602
200812,0.005643732,0.0723598903,-0.058976029,0.0004035304,0.001856,0.0408311026,-0.074723611,-0.025503936,-0.04630574,0.0131162923,0.0002359261,-0.000294801
200901,0.1302196534,0.0270512321,0.0048489631,-0.142251022,0.001856,-0.010132592,0.0001304308,-0.076194937,-0.031878909,-0.023953556,0.0090790637,-0.028182711
200902,0.0610956435,0.0282544007,0.0179551733,-0.045256221,0.001856,0.0097571423,0.0229725111,-0.07642151,-0.045194532,0.0416736046,-0.027414137,0.0278669827
200903,0.1876350029,0.0521752102,-0.01639017,-0.073736514,0.001856,0.0318092319,-0.020955454,-0.079007644,-0.046037004,-0.021712243,-0.013535067,-0.013031959
200904,0.0598062113,0.0143313316,-0.00168263,-0.005136637,0.001856,0.0231126023,0.0119567676,0.0011042639,-0.006533371,0.003821445,-0.008348655,-0.002153226
200905,0.0496918965,0.0379876902,-0.001856606,-0.02235742,0.001856,0.0275551601,0.0007515025,-0.032912626,-0.017630036,-0.008201492,-0.027141884,0.0116616126
200906,0.0826148856,-0.024387387,-0.008056188,-0.014335983,0.001856,0.0096999969,-0.002523428,-0.012310495,0.0523200346,-0.020594129,-0.003311791,0.0121894363
200907,0.1695557932,-0.035672218,0.0841220069,-0.077293851,0.001856,-0.019839045,0.0474855049,-0.052045575,-0.036888795,-0.003267556,0.0145620487,-0.018347019
200908,-0.1915674,0.0391721974,-0.061528436,-0.073585712,0.001856,0.0215129859,-0.041488434,-0.039845823,-0.004615305,0.0186969825,0.0007014212,0.0125626461
200909,0.0390827905,-0.011296614,-0.018893032,0.0187158316,0.001856,-0.003859576,-0.011857785,-0.002802537,0.0406993266,-0.028955772,0.0190770996,-0.01437065
200910,0.1003463664,0.0273088473,0.0161575295,0.0664403448,0.001856,0.0105402668,0.0129963145,0.0264022887,-0.025083259,0.0337137524,-0.009830594,0.0090618111
200911,0.109303432,0.0482075983,-0.00422387,-0.002719784,0.001856,0.0194327424,0.0094817834,-0.038818795,-0.01351522,0.0497175589,-0.005188304,0.0136396078
200912,0.0244651226,0.0179988004,0.0329256243,-0.053840869,0.001856,0.0305545357,-0.000409439,-0.028254436,-0.016169776,0.0121263121,-0.004933634,0.0063068282
201001,-0.077343947,0.0625244486,-0.041583916,-0.061167426,0.001856,0.0222237773,-0.020697649,-0.031278243,-0.022553065,0.0384898189,-0.015475495,0.0186530683
201002,0.0374506686,0.0378406428,0.0078285246,0.0307341702,0.001856,0.0212498176,0.0106341513,0.005928936,-0.034178768,0.0343934035,-0.025834877,0.0215692831
201003,0.0137733781,0.0336236981,-0.00008108,-0.003885948,0.001856,0.0321342909,0.0026055999,-0.009805459,-0.006856865,0.0174005052,-0.014105529,0.0187909527
201004,-0.079242228,0.0075800525,-0.042527322,0.0552671196,0.001856,-0.005938564,-0.039715198,0.0077874403,0.0121361242,0.0067159515,0.0306608007,0.0038776505
201005,-0.089008375,0.0045033619,-0.051872486,0.0626246928,0.001856,0.0023744374,-0.03857198,0.0564901295,0.0345909004,-0.006598256,0.0162774869,-0.011250766
201006,-0.092482431,-0.00966492,-0.006916041,-0.028648327,0.001856,0.002770901,-0.004522017,-0.018705555,-0.000859063,-0.008038988,0.0062667633,0.0033282019
201007,0.1446077925,0.0233761619,0.006378089,-0.032952017,0.001856,0.020446992,0.0203249552,-0.04915276,-0.01232123,0.0067182585,-0.005941703,0.0008172293
201008,0.0556399333,0.0460268114,-0.063053853,0.096158031,0.001856,0.022588811,-0.038916467,0.0573360041,-0.023594629,0.0059611122,-0.013067061,0.020513632
201009,0.0244597883,-0.015748535,-0.030750995,0.0404764128,0.001856,-0.012321148,-0.019441096,0.014490881,-0.011032855,-0.010626714,-0.012734504,0.0009611035
201010,0.1179633421,-0.042331074,0.0058130507,-0.06766916,0.00206,-0.030849774,0.0182514195,-0.037717716,0.0081703612,-0.029759988,0.0123555068,-0.027911237
201011,-0.038305737,0.0578115727,-0.045457354,0.0726139815,0.00206,0.0344214919,-0.026608182,0.0544053532,0.0106354297,-0.002604339,-0.002476258,0.0219004038
201012,-0.010766096,-0.002867847,0.0159334733,-0.025305266,0.002263,0.0109431834,0.0026186733,-0.005078135,0.0199883354,-0.025712978,0.007047854,-0.022160218
201101,-0.025178067,-0.018451459,0.0587628875,-0.095805495,0.002263,-0.000875,0.0438917725,-0.057943323,-0.004612106,0.0054524875,-0.015511425,0.0127918243
201102,0.0612419965,0.0421747039,-0.025169813,0.0405605364,0.002466,0.0130937077,0.0021961162,0.016079321,-0.055585906,0.0373559803,-0.034250331,0.0151736097
201103,-0.005185615,0.0158124164,0.0281726382,-0.036012585,0.002466,0.0185918129,0.0225065921,-0.05388357,0.0034385197,0.0054997493,-0.031174678,0.0195200572
201104,-0.022112529,-0.006863472,0.0121050467,-0.046499016,0.002669,-0.001398065,0.0178881547,-0.027493974,0.0150385564,-0.005785707,-0.011109891,0.0124312849
201105,-0.06978379,-0.001133876,-0.007241954,0.0019239323,0.002669,0.0097990469,0.0010891336,-0.007914032,0.019331593,-0.016770533,0.0095714117,-0.008978489
201106,0.0299610392,0.0085151485,-0.011989549,0.0548178952,0.002669,0.0152697043,-0.006524647,0.038754588,-0.008481688,-0.00303029,-0.011886773,-0.001739881
201107,-0.008060514,0.0178496873,-0.054568716,0.0126217386,0.002871,0.0143299285,-0.047171666,0.003996868,-0.01145804,-0.006601738,-0.008741883,-0.000276492
201108,-0.053821563,0.021453126,-0.029097022,0.0038033483,0.002871,0.0200102852,-0.01714151,-0.019696157,0.0059166582,-0.02834389,0.0034038741,-0.010397779
201109,-0.097643875,-0.016924476,0.0345193016,-0.027388176,0.002871,0.0034165476,0.0137479031,-0.034011071,0.0263471331,0.0110495724,-0.005769507,0.0168521941
201110,0.028395086,0.0123157027,-0.003224801,-0.016555382,0.002871,0.008427336,-0.004089754,-0.013377329,-0.008030492,0.0020261542,0.0045372565,-0.006723516
201111,-0.053769932,0.0111656413,-0.03155729,-0.001973057,0.002871,0.0109501987,-0.029481768,-0.018857913,-0.003364673,0.0113798524,-0.011452053,0.010679647
201112,-0.095586616,-0.067450137,0.0537925681,0.0725200371,0.002871,-0.02403239,0.0280363788,-0.01360412,0.1079139446,-0.057521181,0.0641683107,-0.049811638
201201,0.0254664312,-0.042083365,0.0339874615,-0.035901609,0.002871,-0.027623495,0.022993743,-0.044609666,0.0195130175,0.0083840148,0.0054508228,0.0177307291
201202,0.0790071647,0.0440903348,-0.03609041,-0.073905948,0.002871,0.0179007499,-0.016431364,-0.044048442,-0.048120422,0.0027218018,-0.017060926,-0.005760164
201203,-0.076929278,0.0069087902,-0.003884377,0.0432009711,0.002871,0.008879211,-0.000935918,0.0341234309,0.0137568896,0.0052440709,0.0043868859,0.005654285
201204,0.058555507,-0.003145186,0.0171933831,-0.049216312,0.002871,-0.017614994,0.0392791829,-0.051834253,-0.014095746,-0.016287517,0.0078945501,0.0065351444
201205,0.002491337,0.0152035847,-0.033243722,-0.007312679,0.002871,0.0111694649,-0.018042789,0.0152014173,-0.011099232,-0.018329719,0.0054335054,-0.012035389
201206,-0.065063871,0.0075273434,-0.021777662,0.0559410675,0.002669,0.0194810567,-0.024937598,0.0384894908,0.0250998206,-0.019629217,-0.001345024,0.0114252296
201207,-0.062563104,-0.039405798,0.0056984511,0.0580392378,0.002466,-0.019190644,0.0045128461,0.0348367321,0.0410609204,-0.03083873,0.0246688654,-0.014634555
201208,-0.02819893,0.0723937187,-0.008451345,-0.034586643,0.002466,0.0467824204,-0.023875049,-0.031547618,-0.052553198,0.0432239927,-0.056707996,0.0245009308
201209,0.02745369,-0.03183115,-0.013356546,-0.008769383,0.002466,-0.013263047,-0.004983887,-0.019115666,0.0353085494,-0.037860041,0.0217888175,-0.0082748
201210,-0.010726071,0.0199518818,0.0100549905,0.0056020863,0.002466,0.0084474763,0.0097908423,-0.008278048,-0.009885841,0.0057556562,-0.012635051,0.0159517229
201211,-0.076474239,-0.030049617,0.04770246,0.0516476595,0.002466,-0.008894227,0.0288974591,0.0049869853,0.0400757646,-0.005220107,0.0112154897,0.0050028404
201212,0.1374412069,0.0191233143,-0.002959594,-0.042333207,0.002466,0.0023138527,-0.006904635,-0.013228049,-0.012587162,-0.007213703,0.0226619705,-0.017836036
201301,0.036694046,0.0358798724,-0.010988384,-0.036802086,0.002466,0.0098377832,-0.017564676,-0.009165455,-0.049355479,0.0260369442,-0.030009301,0.0007190233
201302,0.0076391298,0.031887628,-0.020214941,0.0260098774,0.002466,0.0173303118,-0.014488437,0.0127063823,-0.021147878,-0.000071986,-0.013600716,-0.006317516
201303,-0.044633975,0.0253345559,-0.024249156,0.0522420592,0.002466,0.0182672986,-0.024312578,0.0405592322,-0.014295013,0.0142085342,-0.024714371,0.015127335
201304,-0.033265762,-0.000121157,-0.005234792,0.009225132,0.002466,0.0005024454,-0.005117909,0.0212669435,-0.005857377,-0.014085392,0.0021095988,-0.00278433
201305,0.0846590062,0.0709489485,-0.033685182,0.0238184972,0.002466,0.035134209,-0.033661587,0.0208031998,-0.061911628,0.0063372786,-0.034720576,-0.000732221
201306,-0.146490139,-0.001621207,-0.018742588,0.0626579381,0.002466,0.0144065262,-0.011099286,0.0477571161,0.0273735557,-0.016593002,-0.006225656,0.0036916032
201307,0.0400957104,0.0383579256,0.0005786043,0.0557487627,0.002466,0.0350166407,-0.013532745,0.0405913245,-0.02188679,0.0223478235,-0.035278699,0.0187610137
201308,0.0555192406,0.0331242935,0.015841168,-0.061634914,0.002466,-0.000514505,0.0374218017,-0.064853355,-0.056963271,0.0323636191,-0.022170688,0.0180327047
201309,0.042476073,0.009806694,0.0023466147,0.07830659,0.002466,0.0094819058,-0.000510683,0.0364461244,-0.026100365,0.019027274,-0.013861449,0.0038901229
201310,-0.027871841,0.0093418001,0.0317458425,-0.065106225,0.002466,0.0117426223,0.0252202289,-0.04176072,0.0059995817,0.0093558003,-0.005739269,0.0106527131
201311,0.0500590353,0.0527454771,-0.011581122,0.0370370703,0.002466,0.0556060622,-0.000850103,0.0396576635,-0.035079963,0.0117308995,-0.043886357,0.0090440958
201312,-0.042644229,0.0077408064,0.0125746111,0.0088281038,0.002466,0.0067887623,0.0181986233,0.0001584503,0.0132979562,-0.013139814,0.0124831874,-0.003777754
201401,-0.018291221,0.0711320348,-0.019566683,0.0987933537,0.002466,0.0580010888,-0.019912484,0.1353793465,-0.04112498,0.0053199505,-0.046211444,-0.001153574
201402,0.0147198778,0.0298102126,0.0142392608,-0.031942978,0.002466,0.0219321702,0.0118709105,-0.01279469,-0.024809736,0.0327290046,-0.034693944,0.0257528866
201403,-0.027787932,-0.006173739,0.0289385885,-0.084219392,0.002466,-0.007897848,0.0280085953,-0.082311865,0.0035476831,0.019621573,-0.000389554,0.015841034
201404,-0.014816316,0.0064472598,0.0042045948,-0.018597221,0.002466,0.0193032805,0.0042251993,0.001384205,0.0120917615,-0.006686691,-0.00117272,0.0014263044
201405,0.0126427076,0.0231646353,-0.001558896,0.0142038514,0.002466,0.0238932153,-0.009216287,0.02086572,-0.028934211,0.0107693249,-0.029030444,0.0074244461
201406,0.0258283292,0.0340450075,-0.004189283,0.0222574435,0.002466,0.039510684,-0.008424073,0.0281619662,-0.022975431,0.0187232157,-0.034678394,0.0205605064
201407,0.074750871,0.0025966202,0.051589002,-0.064336808,0.002466,-0.005048176,0.0564009563,-0.065253527,-0.010238332,0.0238591687,0.0034926357,0.0133920533
201408,0.0278702108,0.0454644326,-0.021344946,0.0267408343,0.002466,0.0357708934,-0.021202689,0.0156184091,-0.045677949,0.0108023906,-0.038486088,0.0114772356
201409,0.0896755201,0.0868646049,-0.000594412,0.0287239874,0.002466,0.0639048583,0.0152667421,0.01016594,-0.092979783,0.0462104414,-0.04506495,0.0380430345
201410,0.0126046839,0.0001075853,0.0158192756,-0.008341009,0.002466,-0.003164451,0.0191387418,-0.017888145,-0.003180103,0.0134751671,0.0094414901,0.0059731757
201411,0.0564115735,0.0033732288,0.0434035474,-0.025132358,0.002263,0.0085032118,0.0416456193,-0.013702734,-0.000157406,0.0107592508,-0.000885397,0.0147443671
201412,0.0933387322,-0.159639655,0.1572752048,-0.076981516,0.002263,-0.092598029,0.1171456128,-0.077093547,0.1540148821,0.0061243478,0.0893001461,-0.007924837
201501,0.0394398791,0.0236268435,-0.070215279,-0.103226724,0.002263,0.0175991867,-0.067218044,-0.056699652,-0.019180748,-0.038032287,-0.013243409,-0.021735982
201502,0.0503315875,0.0271334644,-0.040387514,-0.026825412,0.002263,0.0149387592,-0.035156778,-0.014423958,-0.026711142,-0.016955149,-0.014330771,-0.007429411
201503,0.1714308463,0.0818480643,-0.027205835,0.0166974346,0.00206,0.0420498813,-0.017004255,-0.004105819,-0.073874015,0.0028415455,-0.038731179,-0.00439069
201504,0.1993011745,0.0059235095,0.0637807663,0.09834308,0.00206,0.0250289336,0.0344375019,-0.011338982,-0.042292001,0.0931034871,-0.033038311,0.0370540604
201505,0.1133886196,0.1679272663,-0.179506241,-0.04667354,0.001856,0.1205934504,-0.13366247,-0.061153245,-0.153583437,0.0099315387,-0.116214083,0.035992928
201506,-0.090464585,-0.030230144,0.1054073862,-0.122696502,0.001652,-0.019502092,0.0872344531,-0.148989524,0.032423188,0.0151280145,0.0296542553,0.0106118751
201507,-0.161064496,-0.056042677,-0.013125125,-0.057524615,0.001652,-0.028843749,-0.0240352,-0.034553508,0.0720465577,-0.009221511,0.0539156542,-0.0322294
201508,-0.142842101,0.0073748542,0.0220634365,-0.046296489,0.001447,0.0196148713,0.0250731066,-0.078700184,-0.023080487,0.0332526907,-0.011991305,0.0469721534
201509,-0.064157251,0.0337825239,-0.048677982,-0.059790481,0.001447,0.0287892439,-0.055861221,-0.065281597,0.0330674351,-0.038955941,0.0008343097,-0.03255761
201510,0.1611755887,0.0835218798,-0.058836331,-0.038498047,0.001241,0.0480040432,-0.053111765,-0.052941657,-0.094335197,-0.031302185,-0.064398108,0.0033423768
201511,0.0276679565,0.1142992836,-0.028113771,-0.020045289,0.001241,0.0873424227,-0.030968244,-0.033338444,-0.042211337,-0.03119008,-0.05344667,-0.003186035
201512,0.0411503199,0.0639505059,-0.005047736,-0.052198468,0.001241,0.0663110982,-0.002023564,-0.056994137,-0.00088996,-0.008662156,-0.031193276,0.0249714989
201601,-0.265316866,-0.045672187,0.0352263163,-0.098911632,0.001241,-0.013226229,0.0222531432,-0.059253638,0.0802237005,0.0271884958,0.0267369703,-0.00540943
201602,-0.020939765,0.0026754454,0.020156543,-0.024382347,0.001241,0.003000625,0.0253455646,-0.024743863,-0.00285246,0.0129469687,-0.007874429,0.0185161915
201603,0.1441244796,0.0618427222,-0.030298935,-0.027433318,0.001241,0.0457855799,-0.0254643,-0.02862139,-0.044945803,-0.046467322,-0.028168636,-0.021992503
201604,-0.022269671,0.0285293799,0.0165702675,0.0081515665,0.001241,0.0344784966,0.0141117756,-0.000262953,0.0070902767,0.0087725161,-0.01177019,0.0197684575
201605,-0.011214514,-0.021148455,-0.018316412,-0.003660619,0.001241,-0.013708735,-0.01880929,-0.019747172,0.0186906912,-0.016195914,0.014968244,-0.023072125
201606,0.0291761516,0.0392525558,-0.029862932,0.0237634371,0.001241,0.0315814877,-0.0322419,0.016497057,-0.025357018,-0.016436861,-0.020637003,-0.012810231
201607,0.0172278469,-0.022937231,0.0589025766,-0.040196743,0.001241,-0.010146382,0.0622684644,-0.064244877,0.0307563282,0.0072345677,0.0208162569,0.0239629614
201608,0.0343985544,0.0327033176,0.0138479187,-0.025688806,0.001241,0.0284435198,0.0162409084,-0.011338418,-0.005060202,0.0037989762,-0.009032404,0.0085542275
201609,-0.020996554,0.0368976884,0.0128655768,-0.001160861,0.001241,0.0360868342,0.0176709563,-0.003735093,-0.002572356,-0.0012869,-0.01333185,0.0155269018
201610,0.0322521956,0.0186281979,0.0168459299,-0.00590792,0.001241,0.0196361752,0.0085050322,0.0100371737,-0.015809893,0.0135594001,-0.01919518,0.0160504522
201611,0.0373638379,0.004472996,0.0352167086,-0.014088048,0.001241,0.0159545824,0.0199249135,-0.012496174,0.0061718553,0.0203381283,-0.00948281,0.0243249582
201612,-0.045324795,0.0272263987,0.0356035059,0.0164812836,0.001241,0.0286441854,0.0398953458,0.0205437131,0.0092599169,0.0460462439,-0.012624365,0.0427285706
201701,0.0054397665,-0.033668896,0.0430613991,-0.006583053,0.001241,-0.020292046,0.03807359,0.0020825556,0.0223665936,0.0424419539,0.0018835975,0.021933638
201702,0.029296415,0.0117190063,0.0044582006,-0.004700455,0.001241,0.0054413432,0.0089338922,-0.002129318,-0.01726838,-0.015558923,-0.005037189,0.0054112606
201703,-0.005990434,-0.025361395,0.0069290648,0.042898173,0.001241,-0.013107138,0.0136562306,0.022168162,0.0456439829,-0.030922807,0.0330722014,-0.020388633
201704,-0.02484349,-0.052536065,0.0338131745,0.0500206541,0.001241,-0.034214744,0.0335012522,0.022389407,0.0672276427,-0.030877797,0.0511073268,-0.027139658
201705,-0.038092118,-0.05082008,0.0215255607,0.0569392936,0.001241,-0.017143248,0.0196203081,0.0095639659,0.0701496355,-0.004530879,0.0278671972,-0.009930925
201706,0.0480073624,-0.019849963,-0.00416448,0.0022195191,0.001241,-0.015155581,0.0086990788,0.0021807425,-0.00671933,-0.026054804,0.0083369412,0.001072002
201707,0.0180304339,-0.014432392,0.0603668273,0.0289586142,0.001241,-0.022815267,0.0610092157,0.040941718,-0.019428889,0.0496057879,0.0091594015,0.0372593161
201708,0.018742372,0.0045662976,-0.029582126,-0.042391444,0.001241,0.0061746677,-0.022550583,-0.035465252,-0.018147651,0.0032663183,-0.017134205,-0.00226994
201709,0.015795088,-0.006066027,-0.02629556,-0.017761276,0.001241,-0.000681625,-0.021104913,-0.022126326,0.0048517988,-0.02610319,-0.000482648,-0.021708022
201710,0.0150933929,-0.054277663,-0.009814763,0.0679971442,0.001241,-0.016465809,-0.006076432,0.0285708253,0.0558461818,-0.059272807,0.031850429,-0.024991039
201711,-0.03389608,-0.033667435,0.0413630847,0.054935667,0.001241,-0.019262906,0.0358768752,0.0362967662,0.0482448923,0.0097942906,0.0186084145,0.007042453
201712,0.0045758706,-0.029295071,-0.000521706,0.0460586747,0.001241,-0.009538076,0.0079630734,0.0296162122,0.0326434903,-0.023746926,0.0173894204,-0.009892506
201801,0.0213505108,-0.055626195,0.0595832996,0.0691827346,0.001241,-0.022344543,0.0434312388,0.028121731,0.0823205624,0.0034874906,0.0394655904,-0.006997652
201802,-0.047140627,-0.01531006,-0.025359301,0.017766767,0.001241,-0.019039456,-0.009070833,0.0369425995,-0.009722333,-0.031268539,0.0160528831,-0.032106777
201803,-0.005750704,0.0393711483,-0.081958088,-0.105427439,0.001241,0.0240049066,-0.077476646,-0.087348615,-0.052522748,-0.036092584,-0.028592722,-0.016616594
201804,-0.036901706,-0.009259898,-0.006907798,0.0369398814,0.001241,-0.00073327,-0.006170845,0.0261676088,0.0183808483,0.0209842365,0.0023522682,0.0001556291
201805,0.0121856325,-0.033536883,-0.003701219,0.0511076415,0.001241,0.0133890151,0.0093104939,0.0019573883,0.0710642145,-0.013122668,0.0444231484,0.0023471499
201806,-0.082491996,-0.026353941,0.0079535267,0.0628100155,0.001241,-0.000885476,0.0156176777,0.0255889886,0.049693444,0.0017937386,0.0237162111,-0.000216095
201807,0.0013833171,0.0160723817,0.0398474151,-0.038395105,0.001241,0.0153761287,0.0374999178,-0.050442467,-0.008420727,0.0336632136,-0.016918464,0.0273265658
201808,-0.065983566,-0.002890689,0.0284729899,0.0147705798,0.001241,0.001822275,0.0183959444,0.0076777861,-0.004901081,0.0402611834,-0.010964639,0.0183190299
201809,0.0185178241,-0.02654721,0.0207269365,0.0138185737,0.001241,-0.003240884,0.0217114665,-0.021362635,0.0261041235,0.0459582778,-0.005814332,0.0162624789
201810,-0.111910813,0.0323949274,0.0342915457,-0.0072848,0.001241,0.0311252361,0.0109403715,-0.011527287,-0.015879914,0.0353696648,-0.00493069,0.0185244255
201811,0.0205920889,0.0460990149,-0.021146635,-0.085013435,0.001241,0.020725135,0.0020385899,-0.067678851,-0.048683951,-0.030646776,-0.034876843,0.0152939158
201812,-0.039111278,-0.00261878,-0.006235045,0.0304176019,0.001241,0.0104199072,-0.008707115,0.0092168025,0.0077954134,0.0163861663,0.0041425817,0.0080852351
201901,0.0219714854,-0.056882782,0.0133904438,0.032937357,0.001241,-0.025526014,0.0348878902,0.0165033127,0.0512633646,-0.026736807,0.0155682388,-0.007629815
201902,0.1615687248,0.0631316074,-0.031454825,-0.159105512,0.001241,0.0156244043,-0.025297695,-0.092656824,-0.102797084,-0.024136204,-0.052143709,-0.006536234
201903,0.0802783654,0.0316887646,-0.023809136,-0.008301605,0.001241,0.0065294564,0.0001837144,0.0025141725,-0.044636443,-0.022287853,-0.029761113,0.0066978215
201904,-0.017474327,-0.019393475,0.0067321865,0.0480950505,0.001241,0.0055823654,0.0277074569,0.0070127352,0.0413779995,-0.007724453,0.0046221129,0.0080427162
201905,-0.060885665,0.0123261564,-0.008834469,0.0378516804,0.001241,0.0232264312,-0.009737288,0.0025917188,-0.012070965,0.0285366777,-0.028257875,0.0301971553
201906,0.0260747342,-0.038069121,-0.03041424,0.0184491815,0.001241,-0.006256569,-0.013578155,-0.007206611,0.0398138471,-0.015282252,0.0196702115,-0.002860579
201907,-0.006205142,-0.019901043,-0.019496635,0.0069476544,0.001241,-0.003118699,-0.018668252,-0.000396572,0.0254142413,-0.020683293,0.0300008033,-0.024657221
201908,0.0005443003,-0.021690282,-0.06748669,0.0588261122,0.001241,-0.011447245,-0.041101887,0.0252012757,0.0244262813,-0.05493348,0.0098982972,-0.015501626
201909,0.0021495654,0.0169057397,-0.006263019,-0.016441498,0.001241,0.0126779181,-0.018668526,-0.005908313,0.0205786995,-0.007903688,0.021274169,-0.021766153
201910,0.003127452,-0.010082416,-0.017814696,0.0349802677,0.001241,-0.003674379,-0.004653212,0.0161371507,0.0072277741,-0.024144727,0.0081136222,-0.011440568
201911,-0.01424826,-0.010944548,0.009658569,-0.00471134,0.001241,-0.006932829,0.0081475904,-0.007823338,0.0192271715,0.0051442727,0.0122597585,0.0055921398
201912,0.0701250206,0.0128994563,0.0004078873,0.0141836035,0.001241,0.0098186996,-0.007164502,0.0054633651,0.0044475752,-0.01465094,0.0055512042,0.0012602629
202001,-0.003885042,0.01832546,-0.041891386,0.0449444991,0.001241,-0.004216506,-0.036621803,0.0549866362,0.0119454727,-0.016600799,0.0232730028,-0.030185696
202002,0.000717881,-0.000437866,-0.04015696,0.0689326965,0.001241,-0.014675341,-0.026492311,0.0576759058,-0.007680683,-0.017690874,0.007293048,-0.022482838
202003,-0.056973326,0.0243100453,0.0163935904,-0.032028016,0.001241,0.0363508473,0.0289605079,-0.068740595,-0.021644166,0.0069019899,-0.032360289,0.0034044766
202004,0.0491908246,-0.036995163,-0.049284898,0.0917744826,0.001241,-0.025544422,-0.027596765,0.0757918087,0.0493522493,-0.060699966,0.0428704563,-0.036978792
202005,0.009564898,0.0139715301,-0.031189809,0.0291365715,0.001241,0.0032065096,-0.019304555,0.0112769099,0.0102902804,-0.033380103,0.012510883,-0.018539912
202006,0.0849485078,-0.006241734,-0.083676788,0.1090280751,0.001241,-0.006237145,-0.05206585,0.0762468058,0.049946479,-0.051897606,0.0335172629,-0.027048754
202007,0.1385710386,-0.004096946,0.009072731,0.0404369349,0.001241,-0.004384796,0.0348445824,0.002413965,0.0046071592,-0.003866496,0.0023176547,0.0006627849
202008,0.0242368254,0.0199031943,-0.002531091,-0.014105224,0.001241,0.0302806835,-0.006766503,-0.046517496,0.0074319799,-0.003875829,-0.009127787,0.012291135
202009,-0.064277707,-0.004436031,0.0065116676,-0.014160549,0.001241,0.0160139358,0.0046870081,-0.026064505,0.0225181042,-0.012057952,-0.000523763,0.0128552309
202010,0.0102345079,0.0021830784,-0.019749897,0.0171332485,0.001241,0.0258174585,-0.013405713,0.0139398266,0.0320947113,-0.023096968,0.0137342416,0.0023014007
202011,0.0351038033,-0.022054509,0.0715842196,-0.051663293,0.001241,-0.00686531,0.0611291951,-0.064046403,-0.026408335,0.0233153608,-0.009869631,0.0082577422
202012,0.0412595468,-0.086235981,-0.040059146,0.1680985259,0.001241,-0.047680187,0.0067492738,0.0759038213,0.0865709133,-0.115184504,0.0330099075,-0.02272385
202101,-0.00118862,-0.092953036,-0.038744167,0.088803998,0.001241,-0.047544064,-0.018307526,0.0507546307,0.0952571942,-0.074006713,0.052243455,-0.032147357
202102,0.0002778994,0.0335806028,0.0536187816,-0.062080496,0.001241,0.0233573777,0.0349087407,-0.035773664,-0.036406766,0.048593015,-0.013693762,0.021026359
202103,-0.02972557,0.0588880726,0.048847796,-0.041240857,0.001241,0.030703675,0.0483221127,-0.030380354,-0.038736123,0.0611343882,-0.018220164,0.0229061298
202104,0.0254397189,-0.020409862,-0.01693648,0.0681237399,0.001241,-0.013256681,0.0011998894,0.033853335,0.0231077705,-0.022535502,0.0081627637,-0.003144095
202105,0.0475638259,0.0283551987,-0.009606219,0.0034174755,0.001241,0.0169011541,-0.007798615,0.0032416858,-0.021389086,0.0015161452,-0.033218947,0.0234281243
202106,0.0141943277,0.0238585676,-0.025723307,-0.002416062,0.001241,0.0160868444,-0.041532995,0.0012285473,-0.014380151,0.0105128418,-0.013195969,0.0101665464
202107,-0.031180248,0.0249480714,-0.002867062,0.0370819778,0.001241,-0.001640231,-0.02675779,0.0812367282,-0.081743474,0.0214991167,-0.005433436,-0.021500594
202108,0.0365683454,0.0108033357,0.1023462803,0.0492260491,0.001241,0.0005643957,0.0824064712,0.0597222128,-0.080298388,0.1017825545,-0.030053941,0.0305057342
202109,0.0009477198,-0.018977207,0.0406425099,-0.092626214,0.001241,-0.003513327,0.0440117299,-0.061225532,0.0554135043,-0.004260209,0.0011211335,0.0045751158
202110,-0.004044905,-0.009442365,-0.076351457,0.0121710909,0.001241,-0.00642907,-0.055163258,0.0028842464,0.0153813796,-0.066373031,0.0144312755,-0.026543479
202111,0.0252126509,0.093840872,-0.035844486,-0.04975082,0.001241,0.0426645745,-0.044269874,-0.032737565,-0.025544956,-0.00058891,0.0065841517,-0.012938262
202112,0.0173602388,0.0106530152,0.0634314493,-0.105065023,0.001241,0.0138952088,0.0574167449,-0.081596266,0.0007723964,0.028152466,-0.029136949,0.0207280724
202201,-0.098944179,0.007327441,0.0410289311,-0.034436373,0.001241,0.0284709422,0.0366117343,-0.051823654,0.0001221774,0.0202549436,-0.014908198,0.0156256123
202202,0.0327625097,0.0188037696,0.0345078807,0.0543623807,0.001241,0.0081991815,0.0216823544,0.0354498803,-0.028879404,0.0501397703,-0.020220314,0.014652181
202203,-0.077312652,0.0460132235,0.0764998334,-0.000969833,0.001241,0.0406842522,0.0814313713,-0.019984795,-0.030368821,0.0357339321,-0.047005997,0.0346761901
202204,-0.084161181,-0.091338715,0.0242317655,-0.080684102,0.001241,-0.038855197,0.0344970173,-0.04130549,0.0741139158,-0.023301622,0.0265310703,-0.012134149
202205,0.0643597393,0.0547002253,-0.010797891,0.0137660526,0.001241,0.0203877408,-0.015463725,0.006838043,-0.048437373,0.0397092522,-0.010353897,0.0063954317
202206,0.09173485,-0.023082026,-0.077350557,-0.076031513,0.001241,-0.024257759,-0.055195836,-0.039449146,0.0184310888,-0.067670844,0.0367077382,-0.035214756
202207,-0.027954251,0.0781238865,0.0211866183,0.0234998958,0.001241,0.0445844923,0.0006724526,0.0137367848,-0.050280306,0.0545446246,-0.026534358,0.01589544
202208,-0.02706472,0.0012302508,0.0286161583,0.0072977609,0.001241,0.0169238059,0.0224574823,-0.019512482,-0.009541709,0.0128099503,-0.025915727,0.0235377688
202209,-0.07070323,-0.02395397,0.0223519332,0.0332883049,0.001241,-0.002918049,0.0222351802,0.0149340124,0.0236452376,0.0047155238,0.0101390223,0.0020707943
202210,0.0025073903,0.0133624364,0.0144374238,-0.00097799,0.001241,0.0033334281,0.0066535038,0.0080971698,-0.018942024,0.0209302786,-0.005275412,0.0013735791
